index,model,label,input,loss_type,optimizer_type,dense_input,dense_input_dim,dense_input_activation,dense_output_activation,lstm_units,cnn_fiters,cnn_kernel,cnn_pool_size,dropout,dropout_value0,CNN1D,TIMES_ONLY_V2,-1_1_OVERSAMPLED,mean_squared_error,adam,0,,,relu,NULL,128,4,2,1,0.1
1,CNN1D,TIMES_ONLY_V2,-1_1_OVERSAMPLED,mean_squared_error,adam,1,1000,relu,relu,,128,4,2,1,0.1
2,CNN1D,TIMES_ONLY_V2,-1_1_OVERSAMPLED,mean_squared_error,adam,1,2645,relu,relu,,128,4,2,1,0.1
3,CNN1D,TIMES_ONLY_V2,-1_1_OVERSAMPLED,mean_squared_error,adam,0,,,relu,NULL,128,4,2,1,0.2
4,CNN1D,TIMES_ONLY_V2,-1_1_OVERSAMPLED,mean_squared_error,adam,1,1000,relu,relu,,128,4,2,1,0.2
5,CNN1D,TIMES_ONLY_V2,-1_1_OVERSAMPLED,mean_squared_error,adam,1,2645,relu,relu,,128,4,2,1,0.2
6,CNN1D,TIMES_ONLY_V2,-1_1_OVERSAMPLED,mean_squared_error,adam,0,,,relu,NULL,128,4,2,1,0.5
7,CNN1D,TIMES_ONLY_V2,-1_1_OVERSAMPLED,mean_squared_error,adam,1,1000,relu,relu,,128,4,2,1,0.5
8,CNN1D,TIMES_ONLY_V2,-1_1_OVERSAMPLED,mean_squared_error,adam,1,2645,relu,relu,,128,4,2,1,0.5
9,CNN1D,TIMES_ONLY_V2,-1_1_OVERSAMPLED,mean_squared_error,adam,0,,,relu,NULL,128,4,4,1,0.1
10,CNN1D,TIMES_ONLY_V2,-1_1_OVERSAMPLED,mean_squared_error,adam,1,1000,relu,relu,,128,4,4,1,0.1
11,CNN1D,TIMES_ONLY_V2,-1_1_OVERSAMPLED,mean_squared_error,adam,1,2645,relu,relu,,128,4,4,1,0.1
12,CNN1D,TIMES_ONLY_V2,-1_1_OVERSAMPLED,mean_squared_error,adam,0,,,relu,NULL,128,4,4,1,0.2
13,CNN1D,TIMES_ONLY_V2,-1_1_OVERSAMPLED,mean_squared_error,adam,1,1000,relu,relu,,128,4,4,1,0.2
14,CNN1D,TIMES_ONLY_V2,-1_1_OVERSAMPLED,mean_squared_error,adam,1,2645,relu,relu,,128,4,4,1,0.2
15,CNN1D,TIMES_ONLY_V2,-1_1_OVERSAMPLED,mean_squared_error,adam,0,,,relu,NULL,128,4,4,1,0.5
16,CNN1D,TIMES_ONLY_V2,-1_1_OVERSAMPLED,mean_squared_error,adam,1,1000,relu,relu,,128,4,4,1,0.5
17,CNN1D,TIMES_ONLY_V2,-1_1_OVERSAMPLED,mean_squared_error,adam,1,2645,relu,relu,,128,4,4,1,0.5
18,CNN1D,TIMES_ONLY_V2,-1_1_OVERSAMPLED,mean_squared_error,adam,0,,,relu,NULL,128,4,8,1,0.1
19,CNN1D,TIMES_ONLY_V2,-1_1_OVERSAMPLED,mean_squared_error,adam,1,1000,relu,relu,,128,4,8,1,0.1
20,CNN1D,TIMES_ONLY_V2,-1_1_OVERSAMPLED,mean_squared_error,adam,1,2645,relu,relu,,128,4,8,1,0.1
21,CNN1D,TIMES_ONLY_V2,-1_1_OVERSAMPLED,mean_squared_error,adam,0,,,relu,NULL,128,4,8,1,0.2
22,CNN1D,TIMES_ONLY_V2,-1_1_OVERSAMPLED,mean_squared_error,adam,1,1000,relu,relu,,128,4,8,1,0.2
23,CNN1D,TIMES_ONLY_V2,-1_1_OVERSAMPLED,mean_squared_error,adam,1,2645,relu,relu,,128,4,8,1,0.2
24,CNN1D,TIMES_ONLY_V2,-1_1_OVERSAMPLED,mean_squared_error,adam,0,,,relu,NULL,128,4,8,1,0.5
25,CNN1D,TIMES_ONLY_V2,-1_1_OVERSAMPLED,mean_squared_error,adam,1,1000,relu,relu,,128,4,8,1,0.5
26,CNN1D,TIMES_ONLY_V2,-1_1_OVERSAMPLED,mean_squared_error,adam,1,2645,relu,relu,,128,4,8,1,0.5
27,CNN1D,TIMES_ONLY_V2,-1_1_OVERSAMPLED,mean_squared_error,adam,0,,,relu,NULL,128,4,10,1,0.1
28,CNN1D,TIMES_ONLY_V2,-1_1_OVERSAMPLED,mean_squared_error,adam,1,1000,relu,relu,,128,4,10,1,0.1
29,CNN1D,TIMES_ONLY_V2,-1_1_OVERSAMPLED,mean_squared_error,adam,1,2645,relu,relu,,128,4,10,1,0.1
30,CNN1D,TIMES_ONLY_V2,-1_1_OVERSAMPLED,mean_squared_error,adam,0,,,relu,NULL,128,4,10,1,0.2
31,CNN1D,TIMES_ONLY_V2,-1_1_OVERSAMPLED,mean_squared_error,adam,1,1000,relu,relu,,128,4,10,1,0.2
32,CNN1D,TIMES_ONLY_V2,-1_1_OVERSAMPLED,mean_squared_error,adam,1,2645,relu,relu,,128,4,10,1,0.2
33,CNN1D,TIMES_ONLY_V2,-1_1_OVERSAMPLED,mean_squared_error,adam,0,,,relu,NULL,128,4,10,1,0.5
34,CNN1D,TIMES_ONLY_V2,-1_1_OVERSAMPLED,mean_squared_error,adam,1,1000,relu,relu,,128,4,10,1,0.5
35,CNN1D,TIMES_ONLY_V2,-1_1_OVERSAMPLED,mean_squared_error,adam,1,2645,relu,relu,,128,4,10,1,0.5
36,CNN1D,TIMES_ONLY_V2,-1_1_OVERSAMPLED,mean_squared_error,adam,0,,,relu,NULL,128,8,2,1,0.1
37,CNN1D,TIMES_ONLY_V2,-1_1_OVERSAMPLED,mean_squared_error,adam,1,1000,relu,relu,,128,8,2,1,0.1
38,CNN1D,TIMES_ONLY_V2,-1_1_OVERSAMPLED,mean_squared_error,adam,1,2645,relu,relu,,128,8,2,1,0.1
39,CNN1D,TIMES_ONLY_V2,-1_1_OVERSAMPLED,mean_squared_error,adam,0,,,relu,NULL,128,8,2,1,0.2
40,CNN1D,TIMES_ONLY_V2,-1_1_OVERSAMPLED,mean_squared_error,adam,1,1000,relu,relu,,128,8,2,1,0.2
41,CNN1D,TIMES_ONLY_V2,-1_1_OVERSAMPLED,mean_squared_error,adam,1,2645,relu,relu,,128,8,2,1,0.2
42,CNN1D,TIMES_ONLY_V2,-1_1_OVERSAMPLED,mean_squared_error,adam,0,,,relu,NULL,128,8,2,1,0.5
43,CNN1D,TIMES_ONLY_V2,-1_1_OVERSAMPLED,mean_squared_error,adam,1,1000,relu,relu,,128,8,2,1,0.5
44,CNN1D,TIMES_ONLY_V2,-1_1_OVERSAMPLED,mean_squared_error,adam,1,2645,relu,relu,,128,8,2,1,0.5
45,CNN1D,TIMES_ONLY_V2,-1_1_OVERSAMPLED,mean_squared_error,adam,0,,,relu,NULL,128,8,4,1,0.1
46,CNN1D,TIMES_ONLY_V2,-1_1_OVERSAMPLED,mean_squared_error,adam,1,1000,relu,relu,,128,8,4,1,0.1
47,CNN1D,TIMES_ONLY_V2,-1_1_OVERSAMPLED,mean_squared_error,adam,1,2645,relu,relu,,128,8,4,1,0.1
48,CNN1D,TIMES_ONLY_V2,-1_1_OVERSAMPLED,mean_squared_error,adam,0,,,relu,NULL,128,8,4,1,0.2
49,CNN1D,TIMES_ONLY_V2,-1_1_OVERSAMPLED,mean_squared_error,adam,1,1000,relu,relu,,128,8,4,1,0.2
50,CNN1D,TIMES_ONLY_V2,-1_1_OVERSAMPLED,mean_squared_error,adam,1,2645,relu,relu,,128,8,4,1,0.2
51,CNN1D,TIMES_ONLY_V2,-1_1_OVERSAMPLED,mean_squared_error,adam,0,,,relu,NULL,128,8,4,1,0.5
52,CNN1D,TIMES_ONLY_V2,-1_1_OVERSAMPLED,mean_squared_error,adam,1,1000,relu,relu,,128,8,4,1,0.5
53,CNN1D,TIMES_ONLY_V2,-1_1_OVERSAMPLED,mean_squared_error,adam,1,2645,relu,relu,,128,8,4,1,0.5
54,CNN1D,TIMES_ONLY_V2,-1_1_OVERSAMPLED,mean_squared_error,adam,0,,,relu,NULL,128,8,8,1,0.1
55,CNN1D,TIMES_ONLY_V2,-1_1_OVERSAMPLED,mean_squared_error,adam,1,1000,relu,relu,,128,8,8,1,0.1
56,CNN1D,TIMES_ONLY_V2,-1_1_OVERSAMPLED,mean_squared_error,adam,1,2645,relu,relu,,128,8,8,1,0.1
57,CNN1D,TIMES_ONLY_V2,-1_1_OVERSAMPLED,mean_squared_error,adam,0,,,relu,NULL,128,8,8,1,0.2
58,CNN1D,TIMES_ONLY_V2,-1_1_OVERSAMPLED,mean_squared_error,adam,1,1000,relu,relu,,128,8,8,1,0.2
59,CNN1D,TIMES_ONLY_V2,-1_1_OVERSAMPLED,mean_squared_error,adam,1,2645,relu,relu,,128,8,8,1,0.2
60,CNN1D,TIMES_ONLY_V2,-1_1_OVERSAMPLED,mean_squared_error,adam,0,,,relu,NULL,128,8,8,1,0.5
61,CNN1D,TIMES_ONLY_V2,-1_1_OVERSAMPLED,mean_squared_error,adam,1,1000,relu,relu,,128,8,8,1,0.5
62,CNN1D,TIMES_ONLY_V2,-1_1_OVERSAMPLED,mean_squared_error,adam,1,2645,relu,relu,,128,8,8,1,0.5
63,CNN1D,TIMES_ONLY_V2,-1_1_OVERSAMPLED,mean_squared_error,adam,0,,,relu,NULL,128,8,10,1,0.1
64,CNN1D,TIMES_ONLY_V2,-1_1_OVERSAMPLED,mean_squared_error,adam,1,1000,relu,relu,,128,8,10,1,0.1
65,CNN1D,TIMES_ONLY_V2,-1_1_OVERSAMPLED,mean_squared_error,adam,1,2645,relu,relu,,128,8,10,1,0.1
66,CNN1D,TIMES_ONLY_V2,-1_1_OVERSAMPLED,mean_squared_error,adam,0,,,relu,NULL,128,8,10,1,0.2
67,CNN1D,TIMES_ONLY_V2,-1_1_OVERSAMPLED,mean_squared_error,adam,1,1000,relu,relu,,128,8,10,1,0.2
68,CNN1D,TIMES_ONLY_V2,-1_1_OVERSAMPLED,mean_squared_error,adam,1,2645,relu,relu,,128,8,10,1,0.2
69,CNN1D,TIMES_ONLY_V2,-1_1_OVERSAMPLED,mean_squared_error,adam,0,,,relu,NULL,128,8,10,1,0.5
70,CNN1D,TIMES_ONLY_V2,-1_1_OVERSAMPLED,mean_squared_error,adam,1,1000,relu,relu,,128,8,10,1,0.5
71,CNN1D,TIMES_ONLY_V2,-1_1_OVERSAMPLED,mean_squared_error,adam,1,2645,relu,relu,,128,8,10,1,0.5
72,CNN1D,TIMES_ONLY_V2,-1_1_OVERSAMPLED,mean_squared_error,adam,0,,,relu,NULL,128,10,2,1,0.1
73,CNN1D,TIMES_ONLY_V2,-1_1_OVERSAMPLED,mean_squared_error,adam,1,1000,relu,relu,,128,10,2,1,0.1
74,CNN1D,TIMES_ONLY_V2,-1_1_OVERSAMPLED,mean_squared_error,adam,1,2645,relu,relu,,128,10,2,1,0.1
75,CNN1D,TIMES_ONLY_V2,-1_1_OVERSAMPLED,mean_squared_error,adam,0,,,relu,NULL,128,10,2,1,0.2
76,CNN1D,TIMES_ONLY_V2,-1_1_OVERSAMPLED,mean_squared_error,adam,1,1000,relu,relu,,128,10,2,1,0.2
77,CNN1D,TIMES_ONLY_V2,-1_1_OVERSAMPLED,mean_squared_error,adam,1,2645,relu,relu,,128,10,2,1,0.2
78,CNN1D,TIMES_ONLY_V2,-1_1_OVERSAMPLED,mean_squared_error,adam,0,,,relu,NULL,128,10,2,1,0.5
79,CNN1D,TIMES_ONLY_V2,-1_1_OVERSAMPLED,mean_squared_error,adam,1,1000,relu,relu,,128,10,2,1,0.5
80,CNN1D,TIMES_ONLY_V2,-1_1_OVERSAMPLED,mean_squared_error,adam,1,2645,relu,relu,,128,10,2,1,0.5
81,CNN1D,TIMES_ONLY_V2,-1_1_OVERSAMPLED,mean_squared_error,adam,0,,,relu,NULL,128,10,4,1,0.1
82,CNN1D,TIMES_ONLY_V2,-1_1_OVERSAMPLED,mean_squared_error,adam,1,1000,relu,relu,,128,10,4,1,0.1
83,CNN1D,TIMES_ONLY_V2,-1_1_OVERSAMPLED,mean_squared_error,adam,1,2645,relu,relu,,128,10,4,1,0.1
84,CNN1D,TIMES_ONLY_V2,-1_1_OVERSAMPLED,mean_squared_error,adam,0,,,relu,NULL,128,10,4,1,0.2
85,CNN1D,TIMES_ONLY_V2,-1_1_OVERSAMPLED,mean_squared_error,adam,1,1000,relu,relu,,128,10,4,1,0.2
86,CNN1D,TIMES_ONLY_V2,-1_1_OVERSAMPLED,mean_squared_error,adam,1,2645,relu,relu,,128,10,4,1,0.2
87,CNN1D,TIMES_ONLY_V2,-1_1_OVERSAMPLED,mean_squared_error,adam,0,,,relu,NULL,128,10,4,1,0.5
88,CNN1D,TIMES_ONLY_V2,-1_1_OVERSAMPLED,mean_squared_error,adam,1,1000,relu,relu,,128,10,4,1,0.5
89,CNN1D,TIMES_ONLY_V2,-1_1_OVERSAMPLED,mean_squared_error,adam,1,2645,relu,relu,,128,10,4,1,0.5
90,CNN1D,TIMES_ONLY_V2,-1_1_OVERSAMPLED,mean_squared_error,adam,0,,,relu,NULL,128,10,8,1,0.1
91,CNN1D,TIMES_ONLY_V2,-1_1_OVERSAMPLED,mean_squared_error,adam,1,1000,relu,relu,,128,10,8,1,0.1
92,CNN1D,TIMES_ONLY_V2,-1_1_OVERSAMPLED,mean_squared_error,adam,1,2645,relu,relu,,128,10,8,1,0.1
93,CNN1D,TIMES_ONLY_V2,-1_1_OVERSAMPLED,mean_squared_error,adam,0,,,relu,NULL,128,10,8,1,0.2
94,CNN1D,TIMES_ONLY_V2,-1_1_OVERSAMPLED,mean_squared_error,adam,1,1000,relu,relu,,128,10,8,1,0.2
95,CNN1D,TIMES_ONLY_V2,-1_1_OVERSAMPLED,mean_squared_error,adam,1,2645,relu,relu,,128,10,8,1,0.2
96,CNN1D,TIMES_ONLY_V2,-1_1_OVERSAMPLED,mean_squared_error,adam,0,,,relu,NULL,128,10,8,1,0.5
97,CNN1D,TIMES_ONLY_V2,-1_1_OVERSAMPLED,mean_squared_error,adam,1,1000,relu,relu,,128,10,8,1,0.5
98,CNN1D,TIMES_ONLY_V2,-1_1_OVERSAMPLED,mean_squared_error,adam,1,2645,relu,relu,,128,10,8,1,0.5
99,CNN1D,TIMES_ONLY_V2,-1_1_OVERSAMPLED,mean_squared_error,adam,0,,,relu,NULL,128,10,10,1,0.1
100,CNN1D,TIMES_ONLY_V2,-1_1_OVERSAMPLED,mean_squared_error,adam,1,1000,relu,relu,,128,10,10,1,0.1
101,CNN1D,TIMES_ONLY_V2,-1_1_OVERSAMPLED,mean_squared_error,adam,1,2645,relu,relu,,128,10,10,1,0.1
102,CNN1D,TIMES_ONLY_V2,-1_1_OVERSAMPLED,mean_squared_error,adam,0,,,relu,NULL,128,10,10,1,0.2
103,CNN1D,TIMES_ONLY_V2,-1_1_OVERSAMPLED,mean_squared_error,adam,1,1000,relu,relu,,128,10,10,1,0.2
104,CNN1D,TIMES_ONLY_V2,-1_1_OVERSAMPLED,mean_squared_error,adam,1,2645,relu,relu,,128,10,10,1,0.2
105,CNN1D,TIMES_ONLY_V2,-1_1_OVERSAMPLED,mean_squared_error,adam,0,,,relu,NULL,128,10,10,1,0.5
106,CNN1D,TIMES_ONLY_V2,-1_1_OVERSAMPLED,mean_squared_error,adam,1,1000,relu,relu,,128,10,10,1,0.5
107,CNN1D,TIMES_ONLY_V2,-1_1_OVERSAMPLED,mean_squared_error,adam,1,2645,relu,relu,,128,10,10,1,0.5
108,CNN1D,TIMES_ONLY_V2,-1_1_OVERSAMPLED,mean_squared_error,adam,0,,,relu,NULL,256,4,2,1,0.1
109,CNN1D,TIMES_ONLY_V2,-1_1_OVERSAMPLED,mean_squared_error,adam,1,1000,relu,relu,,256,4,2,1,0.1
110,CNN1D,TIMES_ONLY_V2,-1_1_OVERSAMPLED,mean_squared_error,adam,1,2645,relu,relu,,256,4,2,1,0.1
111,CNN1D,TIMES_ONLY_V2,-1_1_OVERSAMPLED,mean_squared_error,adam,0,,,relu,NULL,256,4,2,1,0.2
112,CNN1D,TIMES_ONLY_V2,-1_1_OVERSAMPLED,mean_squared_error,adam,1,1000,relu,relu,,256,4,2,1,0.2
113,CNN1D,TIMES_ONLY_V2,-1_1_OVERSAMPLED,mean_squared_error,adam,1,2645,relu,relu,,256,4,2,1,0.2
114,CNN1D,TIMES_ONLY_V2,-1_1_OVERSAMPLED,mean_squared_error,adam,0,,,relu,NULL,256,4,2,1,0.5
115,CNN1D,TIMES_ONLY_V2,-1_1_OVERSAMPLED,mean_squared_error,adam,1,1000,relu,relu,,256,4,2,1,0.5
116,CNN1D,TIMES_ONLY_V2,-1_1_OVERSAMPLED,mean_squared_error,adam,1,2645,relu,relu,,256,4,2,1,0.5
117,CNN1D,TIMES_ONLY_V2,-1_1_OVERSAMPLED,mean_squared_error,adam,0,,,relu,NULL,256,4,4,1,0.1
118,CNN1D,TIMES_ONLY_V2,-1_1_OVERSAMPLED,mean_squared_error,adam,1,1000,relu,relu,,256,4,4,1,0.1
119,CNN1D,TIMES_ONLY_V2,-1_1_OVERSAMPLED,mean_squared_error,adam,1,2645,relu,relu,,256,4,4,1,0.1
120,CNN1D,TIMES_ONLY_V2,-1_1_OVERSAMPLED,mean_squared_error,adam,0,,,relu,NULL,256,4,4,1,0.2
121,CNN1D,TIMES_ONLY_V2,-1_1_OVERSAMPLED,mean_squared_error,adam,1,1000,relu,relu,,256,4,4,1,0.2
122,CNN1D,TIMES_ONLY_V2,-1_1_OVERSAMPLED,mean_squared_error,adam,1,2645,relu,relu,,256,4,4,1,0.2
123,CNN1D,TIMES_ONLY_V2,-1_1_OVERSAMPLED,mean_squared_error,adam,0,,,relu,NULL,256,4,4,1,0.5
124,CNN1D,TIMES_ONLY_V2,-1_1_OVERSAMPLED,mean_squared_error,adam,1,1000,relu,relu,,256,4,4,1,0.5
125,CNN1D,TIMES_ONLY_V2,-1_1_OVERSAMPLED,mean_squared_error,adam,1,2645,relu,relu,,256,4,4,1,0.5
126,CNN1D,TIMES_ONLY_V2,-1_1_OVERSAMPLED,mean_squared_error,adam,0,,,relu,NULL,256,4,8,1,0.1
127,CNN1D,TIMES_ONLY_V2,-1_1_OVERSAMPLED,mean_squared_error,adam,1,1000,relu,relu,,256,4,8,1,0.1
128,CNN1D,TIMES_ONLY_V2,-1_1_OVERSAMPLED,mean_squared_error,adam,1,2645,relu,relu,,256,4,8,1,0.1
129,CNN1D,TIMES_ONLY_V2,-1_1_OVERSAMPLED,mean_squared_error,adam,0,,,relu,NULL,256,4,8,1,0.2
130,CNN1D,TIMES_ONLY_V2,-1_1_OVERSAMPLED,mean_squared_error,adam,1,1000,relu,relu,,256,4,8,1,0.2
131,CNN1D,TIMES_ONLY_V2,-1_1_OVERSAMPLED,mean_squared_error,adam,1,2645,relu,relu,,256,4,8,1,0.2
132,CNN1D,TIMES_ONLY_V2,-1_1_OVERSAMPLED,mean_squared_error,adam,0,,,relu,NULL,256,4,8,1,0.5
133,CNN1D,TIMES_ONLY_V2,-1_1_OVERSAMPLED,mean_squared_error,adam,1,1000,relu,relu,,256,4,8,1,0.5
134,CNN1D,TIMES_ONLY_V2,-1_1_OVERSAMPLED,mean_squared_error,adam,1,2645,relu,relu,,256,4,8,1,0.5
135,CNN1D,TIMES_ONLY_V2,-1_1_OVERSAMPLED,mean_squared_error,adam,0,,,relu,NULL,256,4,10,1,0.1
136,CNN1D,TIMES_ONLY_V2,-1_1_OVERSAMPLED,mean_squared_error,adam,1,1000,relu,relu,,256,4,10,1,0.1
137,CNN1D,TIMES_ONLY_V2,-1_1_OVERSAMPLED,mean_squared_error,adam,1,2645,relu,relu,,256,4,10,1,0.1
138,CNN1D,TIMES_ONLY_V2,-1_1_OVERSAMPLED,mean_squared_error,adam,0,,,relu,NULL,256,4,10,1,0.2
139,CNN1D,TIMES_ONLY_V2,-1_1_OVERSAMPLED,mean_squared_error,adam,1,1000,relu,relu,,256,4,10,1,0.2
140,CNN1D,TIMES_ONLY_V2,-1_1_OVERSAMPLED,mean_squared_error,adam,1,2645,relu,relu,,256,4,10,1,0.2
141,CNN1D,TIMES_ONLY_V2,-1_1_OVERSAMPLED,mean_squared_error,adam,0,,,relu,NULL,256,4,10,1,0.5
142,CNN1D,TIMES_ONLY_V2,-1_1_OVERSAMPLED,mean_squared_error,adam,1,1000,relu,relu,,256,4,10,1,0.5
143,CNN1D,TIMES_ONLY_V2,-1_1_OVERSAMPLED,mean_squared_error,adam,1,2645,relu,relu,,256,4,10,1,0.5
144,CNN1D,TIMES_ONLY_V2,-1_1_OVERSAMPLED,mean_squared_error,adam,0,,,relu,NULL,256,8,2,1,0.1
145,CNN1D,TIMES_ONLY_V2,-1_1_OVERSAMPLED,mean_squared_error,adam,1,1000,relu,relu,,256,8,2,1,0.1
146,CNN1D,TIMES_ONLY_V2,-1_1_OVERSAMPLED,mean_squared_error,adam,1,2645,relu,relu,,256,8,2,1,0.1
147,CNN1D,TIMES_ONLY_V2,-1_1_OVERSAMPLED,mean_squared_error,adam,0,,,relu,NULL,256,8,2,1,0.2
148,CNN1D,TIMES_ONLY_V2,-1_1_OVERSAMPLED,mean_squared_error,adam,1,1000,relu,relu,,256,8,2,1,0.2
149,CNN1D,TIMES_ONLY_V2,-1_1_OVERSAMPLED,mean_squared_error,adam,1,2645,relu,relu,,256,8,2,1,0.2
150,CNN1D,TIMES_ONLY_V2,-1_1_OVERSAMPLED,mean_squared_error,adam,0,,,relu,NULL,256,8,2,1,0.5
151,CNN1D,TIMES_ONLY_V2,-1_1_OVERSAMPLED,mean_squared_error,adam,1,1000,relu,relu,,256,8,2,1,0.5
152,CNN1D,TIMES_ONLY_V2,-1_1_OVERSAMPLED,mean_squared_error,adam,1,2645,relu,relu,,256,8,2,1,0.5
153,CNN1D,TIMES_ONLY_V2,-1_1_OVERSAMPLED,mean_squared_error,adam,0,,,relu,NULL,256,8,4,1,0.1
154,CNN1D,TIMES_ONLY_V2,-1_1_OVERSAMPLED,mean_squared_error,adam,1,1000,relu,relu,,256,8,4,1,0.1
155,CNN1D,TIMES_ONLY_V2,-1_1_OVERSAMPLED,mean_squared_error,adam,1,2645,relu,relu,,256,8,4,1,0.1
156,CNN1D,TIMES_ONLY_V2,-1_1_OVERSAMPLED,mean_squared_error,adam,0,,,relu,NULL,256,8,4,1,0.2
157,CNN1D,TIMES_ONLY_V2,-1_1_OVERSAMPLED,mean_squared_error,adam,1,1000,relu,relu,,256,8,4,1,0.2
158,CNN1D,TIMES_ONLY_V2,-1_1_OVERSAMPLED,mean_squared_error,adam,1,2645,relu,relu,,256,8,4,1,0.2
159,CNN1D,TIMES_ONLY_V2,-1_1_OVERSAMPLED,mean_squared_error,adam,0,,,relu,NULL,256,8,4,1,0.5
160,CNN1D,TIMES_ONLY_V2,-1_1_OVERSAMPLED,mean_squared_error,adam,1,1000,relu,relu,,256,8,4,1,0.5
161,CNN1D,TIMES_ONLY_V2,-1_1_OVERSAMPLED,mean_squared_error,adam,1,2645,relu,relu,,256,8,4,1,0.5
162,CNN1D,TIMES_ONLY_V2,-1_1_OVERSAMPLED,mean_squared_error,adam,0,,,relu,NULL,256,8,8,1,0.1
163,CNN1D,TIMES_ONLY_V2,-1_1_OVERSAMPLED,mean_squared_error,adam,1,1000,relu,relu,,256,8,8,1,0.1
164,CNN1D,TIMES_ONLY_V2,-1_1_OVERSAMPLED,mean_squared_error,adam,1,2645,relu,relu,,256,8,8,1,0.1
165,CNN1D,TIMES_ONLY_V2,-1_1_OVERSAMPLED,mean_squared_error,adam,0,,,relu,NULL,256,8,8,1,0.2
166,CNN1D,TIMES_ONLY_V2,-1_1_OVERSAMPLED,mean_squared_error,adam,1,1000,relu,relu,,256,8,8,1,0.2
167,CNN1D,TIMES_ONLY_V2,-1_1_OVERSAMPLED,mean_squared_error,adam,1,2645,relu,relu,,256,8,8,1,0.2
168,CNN1D,TIMES_ONLY_V2,-1_1_OVERSAMPLED,mean_squared_error,adam,0,,,relu,NULL,256,8,8,1,0.5
169,CNN1D,TIMES_ONLY_V2,-1_1_OVERSAMPLED,mean_squared_error,adam,1,1000,relu,relu,,256,8,8,1,0.5
170,CNN1D,TIMES_ONLY_V2,-1_1_OVERSAMPLED,mean_squared_error,adam,1,2645,relu,relu,,256,8,8,1,0.5
171,CNN1D,TIMES_ONLY_V2,-1_1_OVERSAMPLED,mean_squared_error,adam,0,,,relu,NULL,256,8,10,1,0.1
172,CNN1D,TIMES_ONLY_V2,-1_1_OVERSAMPLED,mean_squared_error,adam,1,1000,relu,relu,,256,8,10,1,0.1
173,CNN1D,TIMES_ONLY_V2,-1_1_OVERSAMPLED,mean_squared_error,adam,1,2645,relu,relu,,256,8,10,1,0.1
174,CNN1D,TIMES_ONLY_V2,-1_1_OVERSAMPLED,mean_squared_error,adam,0,,,relu,NULL,256,8,10,1,0.2
175,CNN1D,TIMES_ONLY_V2,-1_1_OVERSAMPLED,mean_squared_error,adam,1,1000,relu,relu,,256,8,10,1,0.2
176,CNN1D,TIMES_ONLY_V2,-1_1_OVERSAMPLED,mean_squared_error,adam,1,2645,relu,relu,,256,8,10,1,0.2
177,CNN1D,TIMES_ONLY_V2,-1_1_OVERSAMPLED,mean_squared_error,adam,0,,,relu,NULL,256,8,10,1,0.5
178,CNN1D,TIMES_ONLY_V2,-1_1_OVERSAMPLED,mean_squared_error,adam,1,1000,relu,relu,,256,8,10,1,0.5
179,CNN1D,TIMES_ONLY_V2,-1_1_OVERSAMPLED,mean_squared_error,adam,1,2645,relu,relu,,256,8,10,1,0.5
180,CNN1D,TIMES_ONLY_V2,-1_1_OVERSAMPLED,mean_squared_error,adam,0,,,relu,NULL,256,10,2,1,0.1
181,CNN1D,TIMES_ONLY_V2,-1_1_OVERSAMPLED,mean_squared_error,adam,1,1000,relu,relu,,256,10,2,1,0.1
182,CNN1D,TIMES_ONLY_V2,-1_1_OVERSAMPLED,mean_squared_error,adam,1,2645,relu,relu,,256,10,2,1,0.1
183,CNN1D,TIMES_ONLY_V2,-1_1_OVERSAMPLED,mean_squared_error,adam,0,,,relu,NULL,256,10,2,1,0.2
184,CNN1D,TIMES_ONLY_V2,-1_1_OVERSAMPLED,mean_squared_error,adam,1,1000,relu,relu,,256,10,2,1,0.2
185,CNN1D,TIMES_ONLY_V2,-1_1_OVERSAMPLED,mean_squared_error,adam,1,2645,relu,relu,,256,10,2,1,0.2
186,CNN1D,TIMES_ONLY_V2,-1_1_OVERSAMPLED,mean_squared_error,adam,0,,,relu,NULL,256,10,2,1,0.5
187,CNN1D,TIMES_ONLY_V2,-1_1_OVERSAMPLED,mean_squared_error,adam,1,1000,relu,relu,,256,10,2,1,0.5
188,CNN1D,TIMES_ONLY_V2,-1_1_OVERSAMPLED,mean_squared_error,adam,1,2645,relu,relu,,256,10,2,1,0.5
189,CNN1D,TIMES_ONLY_V2,-1_1_OVERSAMPLED,mean_squared_error,adam,0,,,relu,NULL,256,10,4,1,0.1
190,CNN1D,TIMES_ONLY_V2,-1_1_OVERSAMPLED,mean_squared_error,adam,1,1000,relu,relu,,256,10,4,1,0.1
191,CNN1D,TIMES_ONLY_V2,-1_1_OVERSAMPLED,mean_squared_error,adam,1,2645,relu,relu,,256,10,4,1,0.1
192,CNN1D,TIMES_ONLY_V2,-1_1_OVERSAMPLED,mean_squared_error,adam,0,,,relu,NULL,256,10,4,1,0.2
193,CNN1D,TIMES_ONLY_V2,-1_1_OVERSAMPLED,mean_squared_error,adam,1,1000,relu,relu,,256,10,4,1,0.2
194,CNN1D,TIMES_ONLY_V2,-1_1_OVERSAMPLED,mean_squared_error,adam,1,2645,relu,relu,,256,10,4,1,0.2
195,CNN1D,TIMES_ONLY_V2,-1_1_OVERSAMPLED,mean_squared_error,adam,0,,,relu,NULL,256,10,4,1,0.5
196,CNN1D,TIMES_ONLY_V2,-1_1_OVERSAMPLED,mean_squared_error,adam,1,1000,relu,relu,,256,10,4,1,0.5
197,CNN1D,TIMES_ONLY_V2,-1_1_OVERSAMPLED,mean_squared_error,adam,1,2645,relu,relu,,256,10,4,1,0.5
198,CNN1D,TIMES_ONLY_V2,-1_1_OVERSAMPLED,mean_squared_error,adam,0,,,relu,NULL,256,10,8,1,0.1
199,CNN1D,TIMES_ONLY_V2,-1_1_OVERSAMPLED,mean_squared_error,adam,1,1000,relu,relu,,256,10,8,1,0.1
200,CNN1D,TIMES_ONLY_V2,-1_1_OVERSAMPLED,mean_squared_error,adam,1,2645,relu,relu,,256,10,8,1,0.1
201,CNN1D,TIMES_ONLY_V2,-1_1_OVERSAMPLED,mean_squared_error,adam,0,,,relu,NULL,256,10,8,1,0.2
202,CNN1D,TIMES_ONLY_V2,-1_1_OVERSAMPLED,mean_squared_error,adam,1,1000,relu,relu,,256,10,8,1,0.2
203,CNN1D,TIMES_ONLY_V2,-1_1_OVERSAMPLED,mean_squared_error,adam,1,2645,relu,relu,,256,10,8,1,0.2
204,CNN1D,TIMES_ONLY_V2,-1_1_OVERSAMPLED,mean_squared_error,adam,0,,,relu,NULL,256,10,8,1,0.5
205,CNN1D,TIMES_ONLY_V2,-1_1_OVERSAMPLED,mean_squared_error,adam,1,1000,relu,relu,,256,10,8,1,0.5
206,CNN1D,TIMES_ONLY_V2,-1_1_OVERSAMPLED,mean_squared_error,adam,1,2645,relu,relu,,256,10,8,1,0.5
207,CNN1D,TIMES_ONLY_V2,-1_1_OVERSAMPLED,mean_squared_error,adam,0,,,relu,NULL,256,10,10,1,0.1
208,CNN1D,TIMES_ONLY_V2,-1_1_OVERSAMPLED,mean_squared_error,adam,1,1000,relu,relu,,256,10,10,1,0.1
209,CNN1D,TIMES_ONLY_V2,-1_1_OVERSAMPLED,mean_squared_error,adam,1,2645,relu,relu,,256,10,10,1,0.1
210,CNN1D,TIMES_ONLY_V2,-1_1_OVERSAMPLED,mean_squared_error,adam,0,,,relu,NULL,256,10,10,1,0.2
211,CNN1D,TIMES_ONLY_V2,-1_1_OVERSAMPLED,mean_squared_error,adam,1,1000,relu,relu,,256,10,10,1,0.2
212,CNN1D,TIMES_ONLY_V2,-1_1_OVERSAMPLED,mean_squared_error,adam,1,2645,relu,relu,,256,10,10,1,0.2
213,CNN1D,TIMES_ONLY_V2,-1_1_OVERSAMPLED,mean_squared_error,adam,0,,,relu,NULL,256,10,10,1,0.5
214,CNN1D,TIMES_ONLY_V2,-1_1_OVERSAMPLED,mean_squared_error,adam,1,1000,relu,relu,,256,10,10,1,0.5
215,CNN1D,TIMES_ONLY_V2,-1_1_OVERSAMPLED,mean_squared_error,adam,1,2645,relu,relu,,256,10,10,1,0.5
216,CNN1D,TIMES_ONLY_V2,-1_1_OVERSAMPLED,mean_squared_error,adam,0,,,relu,NULL,512,4,2,1,0.1
217,CNN1D,TIMES_ONLY_V2,-1_1_OVERSAMPLED,mean_squared_error,adam,1,1000,relu,relu,,512,4,2,1,0.1
218,CNN1D,TIMES_ONLY_V2,-1_1_OVERSAMPLED,mean_squared_error,adam,1,2645,relu,relu,,512,4,2,1,0.1
219,CNN1D,TIMES_ONLY_V2,-1_1_OVERSAMPLED,mean_squared_error,adam,0,,,relu,NULL,512,4,2,1,0.2
220,CNN1D,TIMES_ONLY_V2,-1_1_OVERSAMPLED,mean_squared_error,adam,1,1000,relu,relu,,512,4,2,1,0.2
221,CNN1D,TIMES_ONLY_V2,-1_1_OVERSAMPLED,mean_squared_error,adam,1,2645,relu,relu,,512,4,2,1,0.2
222,CNN1D,TIMES_ONLY_V2,-1_1_OVERSAMPLED,mean_squared_error,adam,0,,,relu,NULL,512,4,2,1,0.5
223,CNN1D,TIMES_ONLY_V2,-1_1_OVERSAMPLED,mean_squared_error,adam,1,1000,relu,relu,,512,4,2,1,0.5
224,CNN1D,TIMES_ONLY_V2,-1_1_OVERSAMPLED,mean_squared_error,adam,1,2645,relu,relu,,512,4,2,1,0.5
225,CNN1D,TIMES_ONLY_V2,-1_1_OVERSAMPLED,mean_squared_error,adam,0,,,relu,NULL,512,4,4,1,0.1
226,CNN1D,TIMES_ONLY_V2,-1_1_OVERSAMPLED,mean_squared_error,adam,1,1000,relu,relu,,512,4,4,1,0.1
227,CNN1D,TIMES_ONLY_V2,-1_1_OVERSAMPLED,mean_squared_error,adam,1,2645,relu,relu,,512,4,4,1,0.1
228,CNN1D,TIMES_ONLY_V2,-1_1_OVERSAMPLED,mean_squared_error,adam,0,,,relu,NULL,512,4,4,1,0.2
229,CNN1D,TIMES_ONLY_V2,-1_1_OVERSAMPLED,mean_squared_error,adam,1,1000,relu,relu,,512,4,4,1,0.2
230,CNN1D,TIMES_ONLY_V2,-1_1_OVERSAMPLED,mean_squared_error,adam,1,2645,relu,relu,,512,4,4,1,0.2
231,CNN1D,TIMES_ONLY_V2,-1_1_OVERSAMPLED,mean_squared_error,adam,0,,,relu,NULL,512,4,4,1,0.5
232,CNN1D,TIMES_ONLY_V2,-1_1_OVERSAMPLED,mean_squared_error,adam,1,1000,relu,relu,,512,4,4,1,0.5
233,CNN1D,TIMES_ONLY_V2,-1_1_OVERSAMPLED,mean_squared_error,adam,1,2645,relu,relu,,512,4,4,1,0.5
234,CNN1D,TIMES_ONLY_V2,-1_1_OVERSAMPLED,mean_squared_error,adam,0,,,relu,NULL,512,4,8,1,0.1
235,CNN1D,TIMES_ONLY_V2,-1_1_OVERSAMPLED,mean_squared_error,adam,1,1000,relu,relu,,512,4,8,1,0.1
236,CNN1D,TIMES_ONLY_V2,-1_1_OVERSAMPLED,mean_squared_error,adam,1,2645,relu,relu,,512,4,8,1,0.1
237,CNN1D,TIMES_ONLY_V2,-1_1_OVERSAMPLED,mean_squared_error,adam,0,,,relu,NULL,512,4,8,1,0.2
238,CNN1D,TIMES_ONLY_V2,-1_1_OVERSAMPLED,mean_squared_error,adam,1,1000,relu,relu,,512,4,8,1,0.2
239,CNN1D,TIMES_ONLY_V2,-1_1_OVERSAMPLED,mean_squared_error,adam,1,2645,relu,relu,,512,4,8,1,0.2
240,CNN1D,TIMES_ONLY_V2,-1_1_OVERSAMPLED,mean_squared_error,adam,0,,,relu,NULL,512,4,8,1,0.5
241,CNN1D,TIMES_ONLY_V2,-1_1_OVERSAMPLED,mean_squared_error,adam,1,1000,relu,relu,,512,4,8,1,0.5
242,CNN1D,TIMES_ONLY_V2,-1_1_OVERSAMPLED,mean_squared_error,adam,1,2645,relu,relu,,512,4,8,1,0.5
243,CNN1D,TIMES_ONLY_V2,-1_1_OVERSAMPLED,mean_squared_error,adam,0,,,relu,NULL,512,4,10,1,0.1
244,CNN1D,TIMES_ONLY_V2,-1_1_OVERSAMPLED,mean_squared_error,adam,1,1000,relu,relu,,512,4,10,1,0.1
245,CNN1D,TIMES_ONLY_V2,-1_1_OVERSAMPLED,mean_squared_error,adam,1,2645,relu,relu,,512,4,10,1,0.1
246,CNN1D,TIMES_ONLY_V2,-1_1_OVERSAMPLED,mean_squared_error,adam,0,,,relu,NULL,512,4,10,1,0.2
247,CNN1D,TIMES_ONLY_V2,-1_1_OVERSAMPLED,mean_squared_error,adam,1,1000,relu,relu,,512,4,10,1,0.2
248,CNN1D,TIMES_ONLY_V2,-1_1_OVERSAMPLED,mean_squared_error,adam,1,2645,relu,relu,,512,4,10,1,0.2
249,CNN1D,TIMES_ONLY_V2,-1_1_OVERSAMPLED,mean_squared_error,adam,0,,,relu,NULL,512,4,10,1,0.5
250,CNN1D,TIMES_ONLY_V2,-1_1_OVERSAMPLED,mean_squared_error,adam,1,1000,relu,relu,,512,4,10,1,0.5
251,CNN1D,TIMES_ONLY_V2,-1_1_OVERSAMPLED,mean_squared_error,adam,1,2645,relu,relu,,512,4,10,1,0.5
252,CNN1D,TIMES_ONLY_V2,-1_1_OVERSAMPLED,mean_squared_error,adam,0,,,relu,NULL,512,8,2,1,0.1
253,CNN1D,TIMES_ONLY_V2,-1_1_OVERSAMPLED,mean_squared_error,adam,1,1000,relu,relu,,512,8,2,1,0.1
254,CNN1D,TIMES_ONLY_V2,-1_1_OVERSAMPLED,mean_squared_error,adam,1,2645,relu,relu,,512,8,2,1,0.1
255,CNN1D,TIMES_ONLY_V2,-1_1_OVERSAMPLED,mean_squared_error,adam,0,,,relu,NULL,512,8,2,1,0.2
256,CNN1D,TIMES_ONLY_V2,-1_1_OVERSAMPLED,mean_squared_error,adam,1,1000,relu,relu,,512,8,2,1,0.2
257,CNN1D,TIMES_ONLY_V2,-1_1_OVERSAMPLED,mean_squared_error,adam,1,2645,relu,relu,,512,8,2,1,0.2
258,CNN1D,TIMES_ONLY_V2,-1_1_OVERSAMPLED,mean_squared_error,adam,0,,,relu,NULL,512,8,2,1,0.5
259,CNN1D,TIMES_ONLY_V2,-1_1_OVERSAMPLED,mean_squared_error,adam,1,1000,relu,relu,,512,8,2,1,0.5
260,CNN1D,TIMES_ONLY_V2,-1_1_OVERSAMPLED,mean_squared_error,adam,1,2645,relu,relu,,512,8,2,1,0.5
261,CNN1D,TIMES_ONLY_V2,-1_1_OVERSAMPLED,mean_squared_error,adam,0,,,relu,NULL,512,8,4,1,0.1
262,CNN1D,TIMES_ONLY_V2,-1_1_OVERSAMPLED,mean_squared_error,adam,1,1000,relu,relu,,512,8,4,1,0.1
263,CNN1D,TIMES_ONLY_V2,-1_1_OVERSAMPLED,mean_squared_error,adam,1,2645,relu,relu,,512,8,4,1,0.1
264,CNN1D,TIMES_ONLY_V2,-1_1_OVERSAMPLED,mean_squared_error,adam,0,,,relu,NULL,512,8,4,1,0.2
265,CNN1D,TIMES_ONLY_V2,-1_1_OVERSAMPLED,mean_squared_error,adam,1,1000,relu,relu,,512,8,4,1,0.2
266,CNN1D,TIMES_ONLY_V2,-1_1_OVERSAMPLED,mean_squared_error,adam,1,2645,relu,relu,,512,8,4,1,0.2
267,CNN1D,TIMES_ONLY_V2,-1_1_OVERSAMPLED,mean_squared_error,adam,0,,,relu,NULL,512,8,4,1,0.5
268,CNN1D,TIMES_ONLY_V2,-1_1_OVERSAMPLED,mean_squared_error,adam,1,1000,relu,relu,,512,8,4,1,0.5
269,CNN1D,TIMES_ONLY_V2,-1_1_OVERSAMPLED,mean_squared_error,adam,1,2645,relu,relu,,512,8,4,1,0.5
270,CNN1D,TIMES_ONLY_V2,-1_1_OVERSAMPLED,mean_squared_error,adam,0,,,relu,NULL,512,8,8,1,0.1
271,CNN1D,TIMES_ONLY_V2,-1_1_OVERSAMPLED,mean_squared_error,adam,1,1000,relu,relu,,512,8,8,1,0.1
272,CNN1D,TIMES_ONLY_V2,-1_1_OVERSAMPLED,mean_squared_error,adam,1,2645,relu,relu,,512,8,8,1,0.1
273,CNN1D,TIMES_ONLY_V2,-1_1_OVERSAMPLED,mean_squared_error,adam,0,,,relu,NULL,512,8,8,1,0.2
274,CNN1D,TIMES_ONLY_V2,-1_1_OVERSAMPLED,mean_squared_error,adam,1,1000,relu,relu,,512,8,8,1,0.2
275,CNN1D,TIMES_ONLY_V2,-1_1_OVERSAMPLED,mean_squared_error,adam,1,2645,relu,relu,,512,8,8,1,0.2
276,CNN1D,TIMES_ONLY_V2,-1_1_OVERSAMPLED,mean_squared_error,adam,0,,,relu,NULL,512,8,8,1,0.5
277,CNN1D,TIMES_ONLY_V2,-1_1_OVERSAMPLED,mean_squared_error,adam,1,1000,relu,relu,,512,8,8,1,0.5
278,CNN1D,TIMES_ONLY_V2,-1_1_OVERSAMPLED,mean_squared_error,adam,1,2645,relu,relu,,512,8,8,1,0.5
279,CNN1D,TIMES_ONLY_V2,-1_1_OVERSAMPLED,mean_squared_error,adam,0,,,relu,NULL,512,8,10,1,0.1
280,CNN1D,TIMES_ONLY_V2,-1_1_OVERSAMPLED,mean_squared_error,adam,1,1000,relu,relu,,512,8,10,1,0.1
281,CNN1D,TIMES_ONLY_V2,-1_1_OVERSAMPLED,mean_squared_error,adam,1,2645,relu,relu,,512,8,10,1,0.1
282,CNN1D,TIMES_ONLY_V2,-1_1_OVERSAMPLED,mean_squared_error,adam,0,,,relu,NULL,512,8,10,1,0.2
283,CNN1D,TIMES_ONLY_V2,-1_1_OVERSAMPLED,mean_squared_error,adam,1,1000,relu,relu,,512,8,10,1,0.2
284,CNN1D,TIMES_ONLY_V2,-1_1_OVERSAMPLED,mean_squared_error,adam,1,2645,relu,relu,,512,8,10,1,0.2
285,CNN1D,TIMES_ONLY_V2,-1_1_OVERSAMPLED,mean_squared_error,adam,0,,,relu,NULL,512,8,10,1,0.5
286,CNN1D,TIMES_ONLY_V2,-1_1_OVERSAMPLED,mean_squared_error,adam,1,1000,relu,relu,,512,8,10,1,0.5
287,CNN1D,TIMES_ONLY_V2,-1_1_OVERSAMPLED,mean_squared_error,adam,1,2645,relu,relu,,512,8,10,1,0.5
288,CNN1D,TIMES_ONLY_V2,-1_1_OVERSAMPLED,mean_squared_error,adam,0,,,relu,NULL,512,10,2,1,0.1
289,CNN1D,TIMES_ONLY_V2,-1_1_OVERSAMPLED,mean_squared_error,adam,1,1000,relu,relu,,512,10,2,1,0.1
290,CNN1D,TIMES_ONLY_V2,-1_1_OVERSAMPLED,mean_squared_error,adam,1,2645,relu,relu,,512,10,2,1,0.1
291,CNN1D,TIMES_ONLY_V2,-1_1_OVERSAMPLED,mean_squared_error,adam,0,,,relu,NULL,512,10,2,1,0.2
292,CNN1D,TIMES_ONLY_V2,-1_1_OVERSAMPLED,mean_squared_error,adam,1,1000,relu,relu,,512,10,2,1,0.2
293,CNN1D,TIMES_ONLY_V2,-1_1_OVERSAMPLED,mean_squared_error,adam,1,2645,relu,relu,,512,10,2,1,0.2
294,CNN1D,TIMES_ONLY_V2,-1_1_OVERSAMPLED,mean_squared_error,adam,0,,,relu,NULL,512,10,2,1,0.5
295,CNN1D,TIMES_ONLY_V2,-1_1_OVERSAMPLED,mean_squared_error,adam,1,1000,relu,relu,,512,10,2,1,0.5
296,CNN1D,TIMES_ONLY_V2,-1_1_OVERSAMPLED,mean_squared_error,adam,1,2645,relu,relu,,512,10,2,1,0.5
297,CNN1D,TIMES_ONLY_V2,-1_1_OVERSAMPLED,mean_squared_error,adam,0,,,relu,NULL,512,10,4,1,0.1
298,CNN1D,TIMES_ONLY_V2,-1_1_OVERSAMPLED,mean_squared_error,adam,1,1000,relu,relu,,512,10,4,1,0.1
299,CNN1D,TIMES_ONLY_V2,-1_1_OVERSAMPLED,mean_squared_error,adam,1,2645,relu,relu,,512,10,4,1,0.1
300,CNN1D,TIMES_ONLY_V2,-1_1_OVERSAMPLED,mean_squared_error,adam,0,,,relu,NULL,512,10,4,1,0.2
301,CNN1D,TIMES_ONLY_V2,-1_1_OVERSAMPLED,mean_squared_error,adam,1,1000,relu,relu,,512,10,4,1,0.2
302,CNN1D,TIMES_ONLY_V2,-1_1_OVERSAMPLED,mean_squared_error,adam,1,2645,relu,relu,,512,10,4,1,0.2
303,CNN1D,TIMES_ONLY_V2,-1_1_OVERSAMPLED,mean_squared_error,adam,0,,,relu,NULL,512,10,4,1,0.5
304,CNN1D,TIMES_ONLY_V2,-1_1_OVERSAMPLED,mean_squared_error,adam,1,1000,relu,relu,,512,10,4,1,0.5
305,CNN1D,TIMES_ONLY_V2,-1_1_OVERSAMPLED,mean_squared_error,adam,1,2645,relu,relu,,512,10,4,1,0.5
306,CNN1D,TIMES_ONLY_V2,-1_1_OVERSAMPLED,mean_squared_error,adam,0,,,relu,NULL,512,10,8,1,0.1
307,CNN1D,TIMES_ONLY_V2,-1_1_OVERSAMPLED,mean_squared_error,adam,1,1000,relu,relu,,512,10,8,1,0.1
308,CNN1D,TIMES_ONLY_V2,-1_1_OVERSAMPLED,mean_squared_error,adam,1,2645,relu,relu,,512,10,8,1,0.1
309,CNN1D,TIMES_ONLY_V2,-1_1_OVERSAMPLED,mean_squared_error,adam,0,,,relu,NULL,512,10,8,1,0.2
310,CNN1D,TIMES_ONLY_V2,-1_1_OVERSAMPLED,mean_squared_error,adam,1,1000,relu,relu,,512,10,8,1,0.2
311,CNN1D,TIMES_ONLY_V2,-1_1_OVERSAMPLED,mean_squared_error,adam,1,2645,relu,relu,,512,10,8,1,0.2
312,CNN1D,TIMES_ONLY_V2,-1_1_OVERSAMPLED,mean_squared_error,adam,0,,,relu,NULL,512,10,8,1,0.5
313,CNN1D,TIMES_ONLY_V2,-1_1_OVERSAMPLED,mean_squared_error,adam,1,1000,relu,relu,,512,10,8,1,0.5
314,CNN1D,TIMES_ONLY_V2,-1_1_OVERSAMPLED,mean_squared_error,adam,1,2645,relu,relu,,512,10,8,1,0.5
315,CNN1D,TIMES_ONLY_V2,-1_1_OVERSAMPLED,mean_squared_error,adam,0,,,relu,NULL,512,10,10,1,0.1
316,CNN1D,TIMES_ONLY_V2,-1_1_OVERSAMPLED,mean_squared_error,adam,1,1000,relu,relu,,512,10,10,1,0.1
317,CNN1D,TIMES_ONLY_V2,-1_1_OVERSAMPLED,mean_squared_error,adam,1,2645,relu,relu,,512,10,10,1,0.1
318,CNN1D,TIMES_ONLY_V2,-1_1_OVERSAMPLED,mean_squared_error,adam,0,,,relu,NULL,512,10,10,1,0.2
319,CNN1D,TIMES_ONLY_V2,-1_1_OVERSAMPLED,mean_squared_error,adam,1,1000,relu,relu,,512,10,10,1,0.2
320,CNN1D,TIMES_ONLY_V2,-1_1_OVERSAMPLED,mean_squared_error,adam,1,2645,relu,relu,,512,10,10,1,0.2
321,CNN1D,TIMES_ONLY_V2,-1_1_OVERSAMPLED,mean_squared_error,adam,0,,,relu,NULL,512,10,10,1,0.5
322,CNN1D,TIMES_ONLY_V2,-1_1_OVERSAMPLED,mean_squared_error,adam,1,1000,relu,relu,,512,10,10,1,0.5
323,CNN1D,TIMES_ONLY_V2,-1_1_OVERSAMPLED,mean_squared_error,adam,1,2645,relu,relu,,512,10,10,1,0.5
324,LSTM,TIMES_ONLY_V2,-1_1_OVERSAMPLED,mean_squared_error,adam,0,,,relu,32,,,,1,0.1
325,LSTM,TIMES_ONLY_V2,-1_1_OVERSAMPLED,mean_squared_error,adam,1,1000,relu,relu,32,,,,1,0.1
326,LSTM,TIMES_ONLY_V2,-1_1_OVERSAMPLED,mean_squared_error,adam,1,2645,relu,relu,32,,,,1,0.1
327,LSTM,TIMES_ONLY_V2,-1_1_OVERSAMPLED,mean_squared_error,adam,0,,,relu,32,,,,1,0.2
328,LSTM,TIMES_ONLY_V2,-1_1_OVERSAMPLED,mean_squared_error,adam,1,1000,relu,relu,32,,,,1,0.2
329,LSTM,TIMES_ONLY_V2,-1_1_OVERSAMPLED,mean_squared_error,adam,1,2645,relu,relu,32,,,,1,0.2
330,LSTM,TIMES_ONLY_V2,-1_1_OVERSAMPLED,mean_squared_error,adam,0,,,relu,32,,,,1,0.5
331,LSTM,TIMES_ONLY_V2,-1_1_OVERSAMPLED,mean_squared_error,adam,1,1000,relu,relu,32,,,,1,0.5
332,LSTM,TIMES_ONLY_V2,-1_1_OVERSAMPLED,mean_squared_error,adam,1,2645,relu,relu,32,,,,1,0.5
333,LSTM,TIMES_ONLY_V2,-1_1_OVERSAMPLED,mean_squared_error,adam,0,,,relu,64,,,,1,0.1
334,LSTM,TIMES_ONLY_V2,-1_1_OVERSAMPLED,mean_squared_error,adam,1,1000,relu,relu,64,,,,1,0.1
335,LSTM,TIMES_ONLY_V2,-1_1_OVERSAMPLED,mean_squared_error,adam,1,2645,relu,relu,64,,,,1,0.1
336,LSTM,TIMES_ONLY_V2,-1_1_OVERSAMPLED,mean_squared_error,adam,0,,,relu,64,,,,1,0.2
337,LSTM,TIMES_ONLY_V2,-1_1_OVERSAMPLED,mean_squared_error,adam,1,1000,relu,relu,64,,,,1,0.2
338,LSTM,TIMES_ONLY_V2,-1_1_OVERSAMPLED,mean_squared_error,adam,1,2645,relu,relu,64,,,,1,0.2
339,LSTM,TIMES_ONLY_V2,-1_1_OVERSAMPLED,mean_squared_error,adam,0,,,relu,64,,,,1,0.5
340,LSTM,TIMES_ONLY_V2,-1_1_OVERSAMPLED,mean_squared_error,adam,1,1000,relu,relu,64,,,,1,0.5
341,LSTM,TIMES_ONLY_V2,-1_1_OVERSAMPLED,mean_squared_error,adam,1,2645,relu,relu,64,,,,1,0.5
342,LSTM,TIMES_ONLY_V2,-1_1_OVERSAMPLED,mean_squared_error,adam,0,,,relu,128,,,,1,0.1
343,LSTM,TIMES_ONLY_V2,-1_1_OVERSAMPLED,mean_squared_error,adam,1,1000,relu,relu,128,,,,1,0.1
344,LSTM,TIMES_ONLY_V2,-1_1_OVERSAMPLED,mean_squared_error,adam,1,2645,relu,relu,128,,,,1,0.1
345,LSTM,TIMES_ONLY_V2,-1_1_OVERSAMPLED,mean_squared_error,adam,0,,,relu,128,,,,1,0.2
346,LSTM,TIMES_ONLY_V2,-1_1_OVERSAMPLED,mean_squared_error,adam,1,1000,relu,relu,128,,,,1,0.2
347,LSTM,TIMES_ONLY_V2,-1_1_OVERSAMPLED,mean_squared_error,adam,1,2645,relu,relu,128,,,,1,0.2
348,LSTM,TIMES_ONLY_V2,-1_1_OVERSAMPLED,mean_squared_error,adam,0,,,relu,128,,,,1,0.5
349,LSTM,TIMES_ONLY_V2,-1_1_OVERSAMPLED,mean_squared_error,adam,1,1000,relu,relu,128,,,,1,0.5
350,LSTM,TIMES_ONLY_V2,-1_1_OVERSAMPLED,mean_squared_error,adam,1,2645,relu,relu,128,,,,1,0.5
351,CNN1D_LSTM,TIMES_ONLY_V2,-1_1_OVERSAMPLED,mean_squared_error,adam,0,,,relu,,128,4,2,1,0.1
352,CNN1D_LSTM,TIMES_ONLY_V2,-1_1_OVERSAMPLED,mean_squared_error,adam,1,1000,relu,relu,,128,4,2,1,0.1
353,CNN1D_LSTM,TIMES_ONLY_V2,-1_1_OVERSAMPLED,mean_squared_error,adam,1,2645,relu,relu,,128,4,2,1,0.1
354,CNN1D_LSTM,TIMES_ONLY_V2,-1_1_OVERSAMPLED,mean_squared_error,adam,0,,,relu,,128,4,2,1,0.2
355,CNN1D_LSTM,TIMES_ONLY_V2,-1_1_OVERSAMPLED,mean_squared_error,adam,1,1000,relu,relu,,128,4,2,1,0.2
356,CNN1D_LSTM,TIMES_ONLY_V2,-1_1_OVERSAMPLED,mean_squared_error,adam,1,2645,relu,relu,,128,4,2,1,0.2
357,CNN1D_LSTM,TIMES_ONLY_V2,-1_1_OVERSAMPLED,mean_squared_error,adam,0,,,relu,,128,4,2,1,0.5
358,CNN1D_LSTM,TIMES_ONLY_V2,-1_1_OVERSAMPLED,mean_squared_error,adam,1,1000,relu,relu,,128,4,2,1,0.5
359,CNN1D_LSTM,TIMES_ONLY_V2,-1_1_OVERSAMPLED,mean_squared_error,adam,1,2645,relu,relu,,128,4,2,1,0.5
360,CNN1D_LSTM,TIMES_ONLY_V2,-1_1_OVERSAMPLED,mean_squared_error,adam,0,,,relu,,128,4,2,1,0.1
361,CNN1D_LSTM,TIMES_ONLY_V2,-1_1_OVERSAMPLED,mean_squared_error,adam,1,1000,relu,relu,,128,4,2,1,0.1
362,CNN1D_LSTM,TIMES_ONLY_V2,-1_1_OVERSAMPLED,mean_squared_error,adam,1,2645,relu,relu,,128,4,2,1,0.1
363,CNN1D_LSTM,TIMES_ONLY_V2,-1_1_OVERSAMPLED,mean_squared_error,adam,0,,,relu,,128,4,2,1,0.2
364,CNN1D_LSTM,TIMES_ONLY_V2,-1_1_OVERSAMPLED,mean_squared_error,adam,1,1000,relu,relu,,128,4,2,1,0.2
365,CNN1D_LSTM,TIMES_ONLY_V2,-1_1_OVERSAMPLED,mean_squared_error,adam,1,2645,relu,relu,,128,4,2,1,0.2
366,CNN1D_LSTM,TIMES_ONLY_V2,-1_1_OVERSAMPLED,mean_squared_error,adam,0,,,relu,,128,4,2,1,0.5
367,CNN1D_LSTM,TIMES_ONLY_V2,-1_1_OVERSAMPLED,mean_squared_error,adam,1,1000,relu,relu,,128,4,2,1,0.5
368,CNN1D_LSTM,TIMES_ONLY_V2,-1_1_OVERSAMPLED,mean_squared_error,adam,1,2645,relu,relu,,128,4,2,1,0.5
369,CNN1D_LSTM,TIMES_ONLY_V2,-1_1_OVERSAMPLED,mean_squared_error,adam,0,,,relu,,128,4,2,1,0.1
370,CNN1D_LSTM,TIMES_ONLY_V2,-1_1_OVERSAMPLED,mean_squared_error,adam,1,1000,relu,relu,,128,4,2,1,0.1
371,CNN1D_LSTM,TIMES_ONLY_V2,-1_1_OVERSAMPLED,mean_squared_error,adam,1,2645,relu,relu,,128,4,2,1,0.1
372,CNN1D_LSTM,TIMES_ONLY_V2,-1_1_OVERSAMPLED,mean_squared_error,adam,0,,,relu,,128,4,2,1,0.2
373,CNN1D_LSTM,TIMES_ONLY_V2,-1_1_OVERSAMPLED,mean_squared_error,adam,1,1000,relu,relu,,128,4,2,1,0.2
374,CNN1D_LSTM,TIMES_ONLY_V2,-1_1_OVERSAMPLED,mean_squared_error,adam,1,2645,relu,relu,,128,4,2,1,0.2
375,CNN1D_LSTM,TIMES_ONLY_V2,-1_1_OVERSAMPLED,mean_squared_error,adam,0,,,relu,,128,4,2,1,0.5
376,CNN1D_LSTM,TIMES_ONLY_V2,-1_1_OVERSAMPLED,mean_squared_error,adam,1,1000,relu,relu,,128,4,2,1,0.5
377,CNN1D_LSTM,TIMES_ONLY_V2,-1_1_OVERSAMPLED,mean_squared_error,adam,1,2645,relu,relu,,128,4,2,1,0.5
378,CNN1D_LSTM,TIMES_ONLY_V2,-1_1_OVERSAMPLED,mean_squared_error,adam,0,,,relu,,128,4,4,1,0.1
379,CNN1D_LSTM,TIMES_ONLY_V2,-1_1_OVERSAMPLED,mean_squared_error,adam,1,1000,relu,relu,,128,4,4,1,0.1
380,CNN1D_LSTM,TIMES_ONLY_V2,-1_1_OVERSAMPLED,mean_squared_error,adam,1,2645,relu,relu,,128,4,4,1,0.1
381,CNN1D_LSTM,TIMES_ONLY_V2,-1_1_OVERSAMPLED,mean_squared_error,adam,0,,,relu,,128,4,4,1,0.2
